{
    "name": "Spring",
    "vendorId": "0x4f53",
    "productId": "0x5350",
    "lighting": "qmk_rgblight",
    "matrix": {
        "rows": 5,
        "cols": 15
    },
    "layouts": {
        "keymap": [
            [
                {
                    "y": 4,
                    "x": 1.4
                },
                "0,0"
            ],
            [
                {
                    "y": -0.8499999999999996,
                    "x": 4.6
                },
                "0,3",
                {
                    "x": 8.75
                },
                "0,12"
            ],
            [
                {
                    "y": -0.9000000000000004,
                    "x": 2.6
                },
                "0,1",
                "0,2",
                {
                    "x": 10.75
                },
                "0,13",
                {
                    "w": 2
                },
                "0,14"
            ],
            [
                {
                    "y": -0.25,
                    "x": 1.15
                },
                "1,0"
            ],
            [
                {
                    "y": -0.75,
                    "x": 2.35,
                    "w": 1.5
                },
                "1,1",
                "1,2",
                {
                    "x": 9.25
                },
                "1,11",
                "1,12",
                "1,13",
                {
                    "w": 1.5
                },
                "1,14"
            ],
            [
                {
                    "y": -0.25,
                    "x": 0.9
                },
                "2,0"
            ],
            [
                {
                    "y": -0.75,
                    "x": 2.1,
                    "w": 1.75
                },
                "2,1",
                "2,2",
                {
                    "x": 9.75
                },
                "2,11",
                "2,12",
                {
                    "w": 2.25
                },
                "2,13"
            ],
            [
                {
                    "x": 1.9,
                    "w": 2.25
                },
                "3,0",
                "3,1",
                {
                    "x": 9.2
                },
                "3,10",
                "3,11",
                "3,12",
                {
                    "w": 1.75
                },
                "3,13"
            ],
            [
                {
                    "x": 1.9,
                    "w": 1.25
                },
                "4,0",
                {
                    "w": 1.25
                },
                "4,1",
                {
                    "x": 10.95
                },
                "4,11",
                "4,12",
                "4,13"
            ],
            [
                {
                    "r": 12,
                    "y": -6.25,
                    "x": 6.5
                },
                "0,4",
                "0,5",
                "0,6",
                "0,7"
            ],
            [
                {
                    "x": 6
                },
                "1,3",
                "1,4",
                "1,5",
                "1,6"
            ],
            [
                {
                    "x": 6.25
                },
                "2,3",
                "2,4",
                "2,5",
                "2,6"
            ],
            [
                {
                    "x": 6.75
                },
                "3,2",
                "3,3",
                "3,4",
                "3,5"
            ],
            [
                {
                    "x": 7.25,
                    "w": 1.25
                },
                "4,2",
                {
                    "w": 2.25
                },
                "4,4"
            ],
            [
                {
                    "r": -12,
                    "y": -1,
                    "x": 9
                },
                "0,8",
                "0,9",
                "0,10",
                "0,11"
            ],
            [
                {
                    "x": 8.5
                },
                "1,7",
                "1,8",
                "1,9",
                "1,10"
            ],
            [
                {
                    "x": 8.75
                },
                "2,7",
                "2,8",
                "2,9",
                "2,10"
            ],
            [
                {
                    "x": 8.25
                },
                "3,6",
                "3,7",
                "3,8",
                "3,9"
            ],
            [
                {
                    "x": 8.25,
                    "w": 2.75
                },
                "4,5",
                {
                    "w": 1.25
                },
                "4,9"
            ]
        ]
    }
}
